{
    "0": {
        "tau_0": 0.3,
        "tau_1": -0.7,
        "w1": 1.0,
        "Results": {
            "P_0_S1": 174996.0,
            "P_0_S5": 337454.0,
            "h_0_S1": 399205.0,
            "h_0_S5": 417263.0,
            "Pressure_Ratio": 1.928352648060527
        }
    },
    "1": {
        "tau_0": 0.3,
        "tau_1": -0.7,
        "w1": 5.5,
        "Results": {
            "P_0_S1": 175000.0,
            "P_0_S5": 338883.0,
            "h_0_S1": 399205.0,
            "h_0_S5": 417372.0,
            "Pressure_Ratio": 1.9364742857142858
        }
    },
    "2": {
        "tau_0": 0.3,
        "tau_1": -0.7,
        "w1": 10.0,
        "Results": {
            "P_0_S1": 175000.0,
            "P_0_S5": 338907.0,
            "h_0_S1": 399205.0,
            "h_0_S5": 417371.0,
            "Pressure_Ratio": 1.9366114285714287
        }
    },
    "3": {
        "tau_0": 0.3,
        "tau_1": -0.5666666666666667,
        "w1": 1.0,
        "Results": {
            "P_0_S1": 174995.0,
            "P_0_S5": 336610.0,
            "h_0_S1": 399205.0,
            "h_0_S5": 417198.0,
            "Pressure_Ratio": 1.9235406725906454
        }
    },
    "4": {
        "tau_0": 0.3,
        "tau_1": -0.5666666666666667,
        "w1": 5.5,
        "Results": {
            "P_0_S1": 174998.0,
            "P_0_S5": 338286.0,
            "h_0_S1": 399205.0,
            "h_0_S5": 417311.0,
            "Pressure_Ratio": 1.9330849495422804
        }
    },
    "5": {
        "tau_0": 0.3,
        "tau_1": -0.5666666666666667,
        "w1": 10.0,
        "Results": {
            "P_0_S1": 174998.0,
            "P_0_S5": 338306.0,
            "h_0_S1": 399205.0,
            "h_0_S5": 417310.0,
            "Pressure_Ratio": 1.9331992365627035
        }
    },
    "6": {
        "tau_0": 0.3,
        "tau_1": -0.4333333333333333,
        "w1": 1.0,
        "Results": {
            "P_0_S1": 174994.0,
            "P_0_S5": 335630.0,
            "h_0_S1": 399205.0,
            "h_0_S5": 417130.0,
            "Pressure_Ratio": 1.9179514726219185
        }
    },
    "7": {
        "tau_0": 0.3,
        "tau_1": -0.4333333333333333,
        "w1": 5.5,
        "Results": {
            "P_0_S1": 174995.0,
            "P_0_S5": 337383.0,
            "h_0_S1": 399205.0,
            "h_0_S5": 417222.0,
            "Pressure_Ratio": 1.927957941655476
        }
    },
    "8": {
        "tau_0": 0.3,
        "tau_1": -0.4333333333333333,
        "w1": 10.0,
        "Results": {
            "P_0_S1": 174996.0,
            "P_0_S5": 337523.0,
            "h_0_S1": 399205.0,
            "h_0_S5": 417234.0,
            "Pressure_Ratio": 1.9287469427872637
        }
    },
    "9": {
        "tau_0": 0.3,
        "tau_1": -0.3,
        "w1": 1.0,
        "Results": {
            "P_0_S1": 174995.0,
            "P_0_S5": 334613.0,
            "h_0_S1": 399205.0,
            "h_0_S5": 417070.0,
            "Pressure_Ratio": 1.9121289179690848
        }
    },
    "10": {
        "tau_0": 0.3,
        "tau_1": -0.3,
        "w1": 5.5,
        "Results": {
            "P_0_S1": 174995.0,
            "P_0_S5": 336296.0,
            "h_0_S1": 399205.0,
            "h_0_S5": 417146.0,
            "Pressure_Ratio": 1.9217463356095887
        }
    },
    "11": {
        "tau_0": 0.3,
        "tau_1": -0.3,
        "w1": 10.0,
        "Results": {
            "P_0_S1": 174995.0,
            "P_0_S5": 336434.0,
            "h_0_S1": 399205.0,
            "h_0_S5": 417152.0,
            "Pressure_Ratio": 1.9225349295694163
        }
    },
    "12": {
        "tau_0": 0.43333333333333335,
        "tau_1": -0.7,
        "w1": 1.0,
        "Results": {
            "P_0_S1": 174995.0,
            "P_0_S5": 338716.0,
            "h_0_S1": 399205.0,
            "h_0_S5": 417356.0,
            "Pressure_Ratio": 1.93557530215149
        }
    },
    "13": {
        "tau_0": 0.43333333333333335,
        "tau_1": -0.7,
        "w1": 5.5,
        "Results": {
            "P_0_S1": 174998.0,
            "P_0_S5": 340476.0,
            "h_0_S1": 399205.0,
            "h_0_S5": 417467.0,
            "Pressure_Ratio": 1.945599378278609
        }
    },
    "14": {
        "tau_0": 0.43333333333333335,
        "tau_1": -0.7,
        "w1": 10.0,
        "Results": {
            "P_0_S1": 174998.0,
            "P_0_S5": 340563.0,
            "h_0_S1": 399205.0,
            "h_0_S5": 417473.0,
            "Pressure_Ratio": 1.9460965268174493
        }
    },
    "15": {
        "tau_0": 0.43333333333333335,
        "tau_1": -0.5666666666666667,
        "w1": 1.0,
        "Results": {
            "P_0_S1": 174994.0,
            "P_0_S5": 337868.0,
            "h_0_S1": 399205.0,
            "h_0_S5": 417287.0,
            "Pressure_Ratio": 1.9307404825308296
        }
    },
    "16": {
        "tau_0": 0.43333333333333335,
        "tau_1": -0.5666666666666667,
        "w1": 5.5,
        "Results": {
            "P_0_S1": 174996.0,
            "P_0_S5": 339745.0,
            "h_0_S1": 399205.0,
            "h_0_S5": 417401.0,
            "Pressure_Ratio": 1.9414443758714486
        }
    },
    "17": {
        "tau_0": 0.43333333333333335,
        "tau_1": -0.5666666666666667,
        "w1": 10.0,
        "Results": {
            "P_0_S1": 174996.0,
            "P_0_S5": 339863.0,
            "h_0_S1": 399205.0,
            "h_0_S5": 417408.0,
            "Pressure_Ratio": 1.9421186769983314
        }
    },
    "18": {
        "tau_0": 0.43333333333333335,
        "tau_1": -0.4333333333333333,
        "w1": 1.0,
        "Results": {
            "P_0_S1": 174994.0,
            "P_0_S5": 336915.0,
            "h_0_S1": 399205.0,
            "h_0_S5": 417221.0,
            "Pressure_Ratio": 1.9252945815285096
        }
    },
    "19": {
        "tau_0": 0.43333333333333335,
        "tau_1": -0.4333333333333333,
        "w1": 5.5,
        "Results": {
            "P_0_S1": 174994.0,
            "P_0_S5": 338874.0,
            "h_0_S1": 399205.0,
            "h_0_S5": 417327.0,
            "Pressure_Ratio": 1.9364892510600364
        }
    },
    "20": {
        "tau_0": 0.43333333333333335,
        "tau_1": -0.4333333333333333,
        "w1": 10.0,
        "Results": {
            "P_0_S1": 174994.0,
            "P_0_S5": 339014.0,
            "h_0_S1": 399205.0,
            "h_0_S5": 417335.0,
            "Pressure_Ratio": 1.9372892784895481
        }
    },
    "21": {
        "tau_0": 0.43333333333333335,
        "tau_1": -0.3,
        "w1": 1.0,
        "Results": {
            "P_0_S1": 174995.0,
            "P_0_S5": 335925.0,
            "h_0_S1": 399205.0,
            "h_0_S5": 417158.0,
            "Pressure_Ratio": 1.9196262750364297
        }
    },
    "22": {
        "tau_0": 0.43333333333333335,
        "tau_1": -0.3,
        "w1": 5.5,
        "Results": {
            "P_0_S1": 174994.0,
            "P_0_S5": 337747.0,
            "h_0_S1": 399205.0,
            "h_0_S5": 417243.0,
            "Pressure_Ratio": 1.9300490302524658
        }
    },
    "23": {
        "tau_0": 0.43333333333333335,
        "tau_1": -0.3,
        "w1": 10.0,
        "Results": {
            "P_0_S1": 174994.0,
            "P_0_S5": 337897.0,
            "h_0_S1": 399205.0,
            "h_0_S5": 417249.0,
            "Pressure_Ratio": 1.9309062024983714
        }
    },
    "24": {
        "tau_0": 0.5666666666666667,
        "tau_1": -0.7,
        "w1": 1.0,
        "Results": {
            "P_0_S1": 174995.0,
            "P_0_S5": 340199.0,
            "h_0_S1": 399205.0,
            "h_0_S5": 417491.0,
            "Pressure_Ratio": 1.9440498299951428
        }
    },
    "25": {
        "tau_0": 0.5666666666666667,
        "tau_1": -0.7,
        "w1": 5.5,
        "Results": {
            "P_0_S1": 174997.0,
            "P_0_S5": 341889.0,
            "h_0_S1": 399205.0,
            "h_0_S5": 417612.0,
            "Pressure_Ratio": 1.9536849203129196
        }
    },