{
    "0": {
        "w1_hbsh": 0.5,
        "Results": {
            "P_0_S1": 175003.0,
            "P_0_S5": 340012.0,
            "h_0_S1": 399205.0,
            "h_0_S5": 417549.0,
            "Pressure_Ratio": 1.9428924075587275
        }
    },
    "1": {
        "w1_hbsh": 1,
        "Results": {
            "P_0_S1": 174997.0,
            "P_0_S5": 339801.0,
            "h_0_S1": 399205.0,
            "h_0_S5": 417408.0,
            "Pressure_Ratio": 1.9417532871992091
        }
    },
    "2": {
        "w1_hbsh": 2.5,
        "Results": {
            "P_0_S1": 175001.0,
            "P_0_S5": 331700.0,
            "h_0_S1": 399205.0,
            "h_0_S5": 417844.0,
            "Pressure_Ratio": 1.8954177404700545
        }
    },
    "3": {
        "w1_hbsh": 5,
        "Results": {
            "P_0_S1": 175003.0,
            "P_0_S5": 312033.0,
            "h_0_S1": 399205.0,
            "h_0_S5": 417942.0,
            "Pressure_Ratio": 1.7830151483117431
        }
    },
    "4": {
        "w1_hbsh": 10,
        "Results": {
            "P_0_S1": 175003.0,
            "P_0_S5": 312033.0,
            "h_0_S1": 399205.0,
            "h_0_S5": 417942.0,
            "Pressure_Ratio": 1.7830151483117431
        }
    }
}