{
    "0": {
        "L_comp": 4.0,
        "Results": null
    },
    "1": {
        "L_comp": 4.7272727272727275,
        "Results": null
    },
    "2": {
        "L_comp": 5.454545454545455,
        "Results": null
    },
    "3": {
        "L_comp": 6.181818181818182,
        "Results": null
    },
    "4": {
        "L_comp": 6.909090909090909,
        "Results": null
    },
    "5": {
        "L_comp": 7.636363636363637,
        "Results": null
    },
    "6": {
        "L_comp": 8.363636363636363,
        "Results": null
    },
    "7": {
        "L_comp": 9.09090909090909,
        "Results": null
    },
    "8": {
        "L_comp": 9.818181818181818,
        "Results": null
    },
    "9": {
        "L_comp": 10.545454545454547,
        "Results": null
    },
    "10": {
        "L_comp": 11.272727272727273,
        "Results": null
    },
    "11": {
        "L_comp": 12.0,
        "Results": null
    }
}