{
    "0": {
        "L_comp": 4.0,
        "Results": {
            "P_0_S1": 175000.0,
            "P_0_S5": 321300.0,
            "h_0_S1": 399205.0,
            "h_0_S5": 416248.0,
            "Pressure_Ratio": 1.836
        }
    },
    "1": {
        "L_comp": 4.7272727272727275,
        "Results": {
            "P_0_S1": 174999.0,
            "P_0_S5": 327394.0,
            "h_0_S1": 399205.0,
            "h_0_S5": 416492.0,
            "Pressure_Ratio": 1.8708335476202722
        }
    },
    "2": {
        "L_comp": 5.454545454545455,
        "Results": {
            "P_0_S1": 174999.0,
            "P_0_S5": 331394.0,
            "h_0_S1": 399205.0,
            "h_0_S5": 416712.0,
            "Pressure_Ratio": 1.8936908210904062
        }
    },
    "3": {
        "L_comp": 6.181818181818182,
        "Results": {
            "P_0_S1": 174998.0,
            "P_0_S5": 334371.0,
            "h_0_S1": 399205.0,
            "h_0_S5": 416924.0,
            "Pressure_Ratio": 1.9107132652944605
        }
    },
    "4": {
        "L_comp": 6.909090909090909,
        "Results": {
            "P_0_S1": 174996.0,
            "P_0_S5": 336594.0,
            "h_0_S1": 399205.0,
            "h_0_S5": 417110.0,
            "Pressure_Ratio": 1.9234382500171432
        }
    },
    "5": {
        "L_comp": 7.636363636363637,
        "Results": {
            "P_0_S1": 174996.0,
            "P_0_S5": 338841.0,
            "h_0_S1": 399205.0,
            "h_0_S5": 417304.0,
            "Pressure_Ratio": 1.936278543509566
        }
    },
    "6": {
        "L_comp": 8.363636363636363,
        "Results": {
            "P_0_S1": 174996.0,
            "P_0_S5": 340549.0,
            "h_0_S1": 399205.0,
            "h_0_S5": 417486.0,
            "Pressure_Ratio": 1.9460387666003793
        }
    },
    "7": {
        "L_comp": 9.09090909090909,
        "Results": {
            "P_0_S1": 174999.0,
            "P_0_S5": 341892.0,
            "h_0_S1": 399205.0,
            "h_0_S5": 417633.0,
            "Pressure_Ratio": 1.9536797353127733
        }
    },
    "8": {
        "L_comp": 9.818181818181818,
        "Results": {
            "P_0_S1": 175001.0,
            "P_0_S5": 342845.0,
            "h_0_S1": 399205.0,
            "h_0_S5": 417765.0,
            "Pressure_Ratio": 1.9591030908394809
        }
    },
    "9": {
        "L_comp": 10.545454545454547,
        "Results": {
            "P_0_S1": 175002.0,
            "P_0_S5": 343760.0,
            "h_0_S1": 399205.0,
            "h_0_S5": 417881.0,
            "Pressure_Ratio": 1.9643204077667684
        }
    },
    "10": {
        "L_comp": 11.272727272727273,
        "Results": {
            "P_0_S1": 175007.0,
            "P_0_S5": 343963.0,
            "h_0_S1": 399205.0,
            "h_0_S5": 417962.0,
            "Pressure_Ratio": 1.9654242401732502
        }
    },
    "11": {
        "L_comp": 12.0,
        "Results": {
            "P_0_S1": 175010.0,
            "P_0_S5": 344494.0,
            "h_0_S1": 399205.0,
            "h_0_S5": 418038.0,
            "Pressure_Ratio": 1.9684246614479173
        }
    }
}